City_ID,City,Country,Lat,Lng,Max Temp,Humidity,Cloudiness,Wind Speed,Current Description
0,Pangnirtung,CA,66.1451,-65.7125,33.8,64,75,3.44,broken clouds
1,Ushuaia,AR,-54.8,-68.3,40.66,56,75,12.66,broken clouds
2,Los Llanos De Aridane,ES,28.6585,-17.9182,73.15,77,75,6.91,volcanic ash
3,Barbacoas,CO,1.6715,-78.1398,80.83,83,71,1.72,broken clouds
4,Deputatskiy,RU,69.3,139.9,26.46,86,100,16.33,overcast clouds
5,Castro,BR,-24.7911,-50.0119,72.36,54,12,3.42,few clouds
6,Rikitea,PF,-23.1203,-134.9692,73.78,73,15,14.94,few clouds
7,Jamestown,US,42.097,-79.2353,62.51,72,1,5.01,clear sky
8,Kavieng,PG,-2.5744,150.7967,82.33,78,9,15.08,clear sky
9,Puerto Ayora,EC,-0.7393,-90.3518,71.56,87,99,8.57,overcast clouds
10,Anloga,GH,5.7947,0.8973,86.22,83,99,10.76,overcast clouds
11,Bluff,NZ,-46.6,168.3333,38.8,64,59,19.53,broken clouds
12,Hovd,MN,48.0056,91.6419,42.4,44,3,4.83,clear sky
13,Kodiak,US,57.79,-152.4072,37.4,59,29,4.12,scattered clouds
14,Cape Town,ZA,-33.9258,18.4232,68.11,69,0,20.71,clear sky
15,Tuatapere,NZ,-46.1333,167.6833,38.82,86,93,8.84,overcast clouds
16,Yellowknife,CA,62.456,-114.3525,45.41,100,90,8.05,overcast clouds
17,Tezu,IN,27.9167,96.1667,78.49,82,31,4.56,scattered clouds
18,Albany,US,42.6001,-73.9662,66.81,78,100,1.39,overcast clouds
19,Tasiilaq,GL,65.6145,-37.6368,39.36,69,100,5.91,overcast clouds
20,Port Alfred,ZA,-33.5906,26.891,71.87,68,100,6.82,overcast clouds
21,Ilulissat,GL,69.2167,-51.1,24.82,54,75,5.75,broken clouds
22,Mar Del Plata,AR,-38.0023,-57.5575,57.99,63,90,11.01,overcast clouds
23,Edea,CM,3.8,10.1333,83.98,81,98,3.69,light rain
24,Georgetown,MY,5.4112,100.3354,83.95,83,40,1.01,scattered clouds
25,Chokurdakh,RU,70.6333,147.9167,32.79,97,100,13.38,overcast clouds
26,Chongwe,ZM,-15.3292,28.682,86.74,17,4,11.03,clear sky
27,East London,ZA,-33.0153,27.9116,77.94,61,0,9.22,clear sky
28,Mataura,NZ,-46.1927,168.8643,38.48,98,86,3.69,overcast clouds
29,Sistranda,NO,63.7256,8.834,50.9,77,90,19.13,overcast clouds
30,Kapaa,US,22.0752,-159.319,77.32,80,90,1.99,overcast clouds
31,Hambantota,LK,6.1241,81.1185,84.54,74,75,6.91,broken clouds
32,Geraldton,AU,-28.7667,114.6,63.12,82,75,4.61,light rain
33,Koraput,IN,18.8167,82.7167,72.86,88,100,1.81,overcast clouds
34,Vanimo,PG,-2.6741,141.3028,79.41,87,67,6.02,broken clouds
35,Bubaque,GW,11.2833,-15.8333,80.4,80,85,7.07,overcast clouds
36,Ahipara,NZ,-35.1667,173.1667,57.7,84,100,6.49,overcast clouds
37,Karasjok,NO,69.4719,25.5112,46.51,88,100,5.17,overcast clouds
38,Airai,TL,-8.9266,125.4092,60.33,91,99,1.92,overcast clouds
39,Sitka,US,57.0531,-135.33,44.49,93,75,5.75,light rain
40,Nago,JP,26.5881,127.9761,84.27,85,7,10.02,light rain
41,Vaini,TO,-21.2,-175.2,69.96,78,75,8.05,broken clouds
42,Kerema,PG,-7.9631,145.7785,77.97,92,80,5.99,broken clouds
43,Atuona,PF,-9.8,-139.0333,77.97,76,26,17.9,scattered clouds
44,Padang,ID,-0.9492,100.3543,80.65,87,99,1.54,overcast clouds
45,Hithadhoo,MV,-0.6,73.0833,83.43,73,100,11.05,overcast clouds
46,Saskylakh,RU,71.9167,114.0833,30.33,92,83,15.21,broken clouds
47,Severo-Kurilsk,RU,50.6789,156.125,47.37,91,100,14.41,light rain
48,Fonte Boa,BR,-2.4959,-66.2662,84.58,66,35,3.15,scattered clouds
49,Katobu,ID,-4.9408,122.5276,74.37,88,13,4.32,few clouds
50,Tuktoyaktuk,CA,69.4541,-133.0374,32.0,100,90,21.85,snow
51,Tateyama,JP,34.9833,139.8667,71.1,71,100,15.12,overcast clouds
52,Lasa,IT,46.6166,10.7002,72.01,46,0,4.16,clear sky
53,Dikson,RU,73.5069,80.5464,36.82,88,100,18.28,overcast clouds
54,Talnakh,RU,69.4865,88.3972,32.18,72,79,1.12,broken clouds
55,Vao,NC,-22.6667,167.4833,67.68,63,3,9.66,clear sky
56,Barrow,US,71.2906,-156.7887,21.22,86,90,8.05,overcast clouds
57,Miraflores,MX,19.2167,-98.8083,60.03,86,74,3.62,broken clouds
58,Khatanga,RU,71.9667,102.5,30.02,91,100,9.64,overcast clouds
59,Nuuk,GL,64.1835,-51.7216,30.81,59,1,16.11,clear sky
60,Port Hedland,AU,-20.3167,118.5667,73.45,68,10,9.22,clear sky
61,Busselton,AU,-33.65,115.3333,57.04,73,94,12.73,overcast clouds
62,Hilo,US,19.7297,-155.09,72.28,80,1,8.05,clear sky
63,Myitkyina,MM,25.3833,97.4,80.31,75,21,1.79,few clouds
64,Yumen,CN,40.2833,97.2,60.85,30,0,5.53,clear sky
65,Buchanan,LR,5.8808,-10.0467,85.96,71,98,10.49,overcast clouds
66,Nikolskoye,RU,59.7035,30.7861,51.4,95,100,6.2,overcast clouds
67,Hasaki,JP,35.7333,140.8333,66.6,64,100,16.93,overcast clouds
68,Beisfjord,NO,68.3751,17.5988,49.24,98,100,3.65,light rain
69,Abbeville,FR,50.1,1.8333,78.69,46,66,6.64,broken clouds
70,Port Elizabeth,ZA,-33.918,25.5701,76.1,56,0,19.57,clear sky
71,Castrillon,ES,43.3979,-6.7922,64.94,77,100,4.23,overcast clouds
72,Poronaysk,RU,49.2167,143.1167,47.71,83,0,4.25,clear sky
73,Bredasdorp,ZA,-34.5322,20.0403,81.72,18,96,24.16,overcast clouds
74,Ribeira Grande,PT,38.5167,-28.7,73.8,88,75,9.22,broken clouds
75,Okha,RU,53.5739,142.9478,48.42,82,65,8.84,broken clouds
76,Mahebourg,MU,-20.4081,57.7,72.25,78,40,13.8,scattered clouds
77,Punta Arenas,CL,-53.15,-70.9167,41.11,65,75,17.27,broken clouds
78,Russell,US,32.3502,-85.1999,70.92,79,30,1.61,scattered clouds
79,Avarua,CK,-21.2078,-159.775,75.25,69,40,11.5,scattered clouds
80,Zheleznodorozhnyy,RU,55.7503,38.0042,50.36,83,100,7.16,moderate rain
81,Marsa Matruh,EG,31.3525,27.2453,75.72,54,2,13.98,clear sky
82,Puro,PH,12.4841,123.3827,81.19,81,80,7.11,broken clouds
83,Port Lincoln,AU,-34.7333,135.8667,51.76,65,56,13.49,broken clouds
84,Tiksi,RU,71.6872,128.8694,32.81,89,100,20.11,overcast clouds
85,Buchmany,UA,51.0689,28.0421,57.45,81,100,13.67,overcast clouds
86,Clyde River,CA,70.4692,-68.5914,28.63,86,75,0.0,broken clouds
87,Hun,LY,29.1268,15.9477,88.39,21,0,13.8,clear sky
88,Coquimbo,CL,-29.9533,-71.3436,55.13,87,90,4.61,overcast clouds
89,Qaqortoq,GL,60.7167,-46.0333,39.7,38,0,0.45,clear sky
90,Alta Floresta,BR,-9.8756,-56.0861,87.62,55,0,3.44,clear sky
91,Gat,IL,31.61,34.7642,84.4,43,0,18.16,clear sky
92,Ponta Do Sol,PT,32.6667,-17.1,78.01,65,98,2.33,overcast clouds
93,Chuy,UY,-33.6971,-53.4616,62.02,83,98,10.96,overcast clouds
94,Lata,PT,40.1629,-8.3327,75.34,77,99,8.21,overcast clouds
95,Vinh,VN,18.6667,105.6667,76.89,91,100,1.95,overcast clouds
96,Kodinsk,RU,58.6881,99.1844,37.9,72,100,1.83,overcast clouds
97,Agidel,RU,55.9077,53.9355,48.78,70,100,7.0,overcast clouds
98,Banda Aceh,ID,5.5577,95.3222,80.92,78,46,10.49,scattered clouds
99,Poum,NC,-20.2333,164.0167,71.42,69,98,4.76,overcast clouds
100,Torbay,CA,47.6666,-52.7314,55.89,72,75,4.61,broken clouds
101,Butaritari,KI,3.0707,172.7902,83.23,73,71,9.35,broken clouds
102,Thompson,CA,55.7435,-97.8558,42.96,100,90,5.75,overcast clouds
103,Vila Velha,BR,-20.3297,-40.2925,80.55,58,20,13.8,few clouds
104,Mitu,CO,1.1983,-70.1733,73.85,91,100,3.06,overcast clouds
105,Kazan,RU,55.7887,49.1221,48.81,79,100,1.7,overcast clouds
106,Matay,EG,28.419,30.7792,88.84,25,0,14.23,clear sky
107,Vadlapudi,IN,14.3167,79.8,88.41,58,100,6.51,overcast clouds
108,Qaanaaq,GL,77.484,-69.3632,20.35,70,99,8.25,overcast clouds
109,Leua,SK,48.2156,18.6071,77.5,43,0,7.05,clear sky
110,Horqueta,PY,-23.3428,-57.0597,87.73,26,0,3.4,clear sky
111,Turukhansk,RU,65.8167,87.9833,33.12,85,6,7.34,clear sky
112,Muros,ES,42.7762,-9.0603,72.99,78,42,9.73,scattered clouds
113,Ketchikan,US,55.3422,-131.6461,45.07,93,20,0.0,few clouds
114,Alexandria,EG,31.2156,29.9553,76.35,56,0,11.07,clear sky
115,Vitim,RU,59.4511,112.5578,41.25,84,100,7.43,overcast clouds
116,Kysyl-Syr,RU,63.8986,122.7617,32.94,80,12,5.03,few clouds
117,Olga,RU,43.7444,135.2892,54.63,95,100,3.15,overcast clouds
118,Huarmey,PE,-10.0681,-78.1522,66.47,78,87,7.49,overcast clouds
119,Bethel,US,41.3712,-73.414,69.93,85,1,0.0,clear sky
120,College,US,64.8569,-147.8028,30.29,94,90,0.0,light snow
121,Hobart,AU,-42.8794,147.3294,42.66,77,90,6.91,overcast clouds
122,Koslan,RU,63.4564,48.8989,44.69,93,100,8.08,overcast clouds
123,Samoylovka,RU,51.184,43.7081,54.93,60,100,4.74,overcast clouds
124,Todos Santos,MX,23.45,-110.2167,83.01,92,6,4.21,clear sky
125,Hunenberg,CH,47.1754,8.425,80.73,62,37,1.01,scattered clouds
126,Duncan,US,34.5023,-97.9578,69.39,55,1,5.75,clear sky
127,La Huerta,MX,19.4667,-104.65,73.51,91,70,1.9,broken clouds
128,Aklavik,CA,68.2191,-135.0107,32.83,93,90,10.36,light snow
129,Tura,IN,25.5198,90.2201,75.87,91,100,2.93,overcast clouds
130,Riacho De Santana,BR,-13.6092,-42.9389,90.45,30,0,4.05,clear sky
131,Arraial Do Cabo,BR,-22.9661,-42.0278,76.96,64,75,21.85,broken clouds
132,Pichayevo,RU,53.2363,42.2032,54.97,61,100,6.04,overcast clouds
133,Belaya Gora,RU,68.5333,146.4167,32.32,96,100,17.13,light snow
134,Bud,US,39.447,-86.1758,59.31,84,99,8.12,overcast clouds
135,Yerbogachen,RU,61.2767,108.0108,39.45,82,90,7.74,overcast clouds
136,Kopanskaya,RU,46.2779,38.4795,61.7,61,1,14.88,clear sky
137,Longkou,CN,37.6508,120.3286,69.78,82,100,8.46,moderate rain
138,Atar,MR,20.5169,-13.0499,102.31,14,93,6.78,overcast clouds
139,Hamilton,US,39.1834,-84.5333,61.43,85,75,3.0,broken clouds
140,Kununurra,AU,-15.7667,128.7333,69.78,60,2,0.0,clear sky
141,Sambava,MG,-14.2667,50.1667,73.98,79,0,15.12,clear sky
142,San Patricio,US,28.017,-97.5169,80.87,56,3,8.14,clear sky
143,Saint-Philippe,RE,-21.3585,55.7679,72.99,71,75,13.49,broken clouds
144,Norman Wells,CA,65.282,-126.8329,32.04,93,90,13.8,light snow
145,Kaitangata,NZ,-46.2817,169.8464,37.96,89,38,8.16,scattered clouds
146,Olafsvik,IS,64.8945,-23.7142,42.4,73,100,37.69,overcast clouds
147,Pevek,RU,69.7008,170.3133,30.22,98,100,14.65,snow
148,Vardo,NO,70.3705,31.1107,48.4,91,100,8.39,overcast clouds
149,Carnarvon,AU,-24.8667,113.6333,66.27,72,40,9.22,scattered clouds
150,New Norfolk,AU,-42.7826,147.0587,42.3,69,12,3.38,few clouds
151,Roma,US,43.2128,-75.4557,66.4,89,1,5.75,clear sky
152,Juneau,US,58.3019,-134.4197,46.4,94,75,6.91,light rain
153,Tessalit,ML,20.1986,1.0114,104.14,5,4,12.95,clear sky
154,Fortuna,US,40.5982,-124.1573,53.65,69,7,2.3,clear sky
155,Lagoa Formosa,BR,-18.7786,-46.4075,84.02,25,87,8.46,overcast clouds
156,Cabo San Lucas,MX,22.8909,-109.9124,83.52,85,13,3.13,few clouds
157,Cockburn Town,TC,21.4612,-71.1419,82.29,72,1,4.29,clear sky
158,Gimli,CA,50.6336,-96.9907,52.43,76,88,6.91,overcast clouds
159,Uray,RU,60.1247,64.7758,37.92,76,11,7.38,few clouds
160,Veliki Preslav,BG,43.1667,26.8167,78.15,33,0,5.03,clear sky
161,Harindanga,IN,22.0383,88.3214,85.98,86,100,5.17,overcast clouds
162,Udachnyy,RU,66.4167,112.4,34.45,75,17,4.65,few clouds
163,San Cristobal,VE,7.7669,-72.225,84.38,71,94,5.82,overcast clouds
164,Luanda,AO,-8.8368,13.2343,80.6,69,0,12.66,clear sky
165,Nizwa,OM,22.9333,57.5333,84.13,51,99,3.62,overcast clouds
166,Hailar,CN,49.2,119.7,55.71,80,100,10.33,overcast clouds
167,Alyangula,AU,-13.8483,136.4192,69.67,88,55,3.44,broken clouds
168,Saint-Pierre,RE,-21.3393,55.4781,73.08,66,0,28.77,clear sky
169,Ahuimanu,US,21.4447,-157.8378,73.45,78,75,5.75,light rain
170,Sola,VU,-13.8833,167.55,79.38,75,98,9.35,overcast clouds
171,Port Macquarie,AU,-31.4333,152.9167,60.39,85,100,10.89,overcast clouds
172,Luau,AO,-10.7073,22.2247,93.36,11,62,5.06,broken clouds
173,Konevo,RU,62.1215,39.3192,47.86,85,100,8.7,overcast clouds
174,Launceston,AU,-41.45,147.1667,37.62,74,3,5.01,clear sky
175,Cidreira,BR,-30.1811,-50.2056,65.91,71,10,6.58,clear sky
176,Roald,NO,62.5833,6.1333,54.91,71,75,16.11,broken clouds
177,Avera,US,33.194,-82.5271,69.31,50,87,3.49,overcast clouds
178,Saryagash,KZ,41.4511,69.1701,80.56,12,0,6.02,clear sky
179,Sulangan,PH,11.1373,123.7228,84.27,72,81,6.64,light rain
180,Ostrovnoy,RU,68.0531,39.5131,45.55,89,67,9.89,broken clouds
181,Tautira,PF,-17.7333,-149.15,75.22,77,21,9.22,few clouds
182,Sisophon,KH,13.5859,102.9737,73.83,95,100,3.2,overcast clouds
183,Makat,KZ,47.6469,53.3463,63.43,42,85,9.89,overcast clouds
184,Mount Gambier,AU,-37.8333,140.7667,42.71,93,90,3.44,overcast clouds
185,Ombessa,CM,4.603,11.2565,74.16,87,94,3.8,light rain
186,Longyearbyen,SJ,78.2186,15.6401,44.44,76,75,11.5,broken clouds
187,Ouallam,NE,14.3188,2.0866,100.98,20,4,7.83,clear sky
188,Hermanus,ZA,-34.4187,19.2345,66.9,50,73,16.93,broken clouds
189,Kushiro,JP,42.975,144.3747,50.7,86,1,4.52,clear sky
190,Erenhot,CN,43.6475,111.9767,70.3,47,0,13.18,clear sky
191,Sur,OM,22.5667,59.5289,88.79,58,57,2.04,broken clouds
192,Aksarka,RU,66.5606,67.7975,35.29,67,54,7.09,broken clouds
193,Sukumo,JP,32.9333,132.7333,69.98,90,89,5.21,overcast clouds
194,Marivan,IR,35.5219,46.176,67.39,38,0,9.95,clear sky
195,Saldanha,ZA,-33.0117,17.9442,69.85,72,3,6.73,clear sky
196,Meulaboh,ID,4.1363,96.1285,78.94,87,100,6.29,overcast clouds
197,Guasdualito,VE,7.2424,-70.7324,76.5,88,98,3.94,overcast clouds
198,Mezen,RU,65.8522,44.24,45.54,96,100,8.01,overcast clouds
199,Kushmurun,KZ,52.4503,64.6311,55.54,29,44,10.45,scattered clouds
200,Naze,JP,28.3667,129.4833,77.52,85,27,11.65,scattered clouds
201,Dingle,PH,10.9995,122.6711,77.13,90,95,5.08,overcast clouds
202,Narsaq,GL,60.9167,-46.05,39.42,34,0,1.07,clear sky
203,Salalah,OM,17.0151,54.0924,81.79,83,52,6.31,broken clouds
204,Salaya,IN,22.3167,69.6,81.91,80,15,10.94,few clouds
205,Deer Lake,CA,49.1667,-57.4316,53.46,87,90,2.3,light intensity drizzle
206,Oranjemund,NA,-28.55,16.4333,61.36,69,92,16.02,overcast clouds
207,Kihei,US,20.785,-156.4656,76.84,74,1,5.75,clear sky
208,La Ronge,CA,55.1001,-105.2842,48.42,76,75,2.3,broken clouds
209,Thunder Bay,CA,48.4001,-89.3168,50.56,92,75,3.44,broken clouds
210,Faanui,PF,-16.4833,-151.75,77.65,75,1,10.56,clear sky
211,Haines Junction,CA,60.7522,-137.5108,22.95,93,100,3.44,light snow
212,Aniva,RU,46.7144,142.5294,39.31,81,0,3.67,clear sky
213,Louis Trichardt,ZA,-23.0439,29.9032,81.95,21,0,8.95,clear sky
214,Kourou,GF,5.1552,-52.6478,89.65,56,78,8.57,broken clouds
215,Mogok,MM,22.9167,96.5,66.54,96,6,1.79,clear sky
216,Iqaluit,CA,63.7506,-68.5145,29.93,92,75,10.0,broken clouds
217,Lebu,CL,-37.6167,-73.65,53.62,89,89,13.87,overcast clouds
218,Hualmay,PE,-11.0964,-77.6139,64.56,80,97,7.38,overcast clouds
219,Wanning,CN,18.8003,110.3967,78.93,89,64,7.14,broken clouds
220,Gamba,GA,-2.65,10.0,79.57,76,74,10.27,light rain
221,Andros Town,BS,24.7,-77.7667,85.96,65,87,5.44,overcast clouds
222,Victoria,HK,22.2855,114.1577,86.32,80,2,11.01,light rain
223,Barcelos,PT,41.5388,-8.6151,71.85,81,50,11.56,scattered clouds
224,Diapaga,BF,12.0708,1.7889,92.77,43,5,6.42,clear sky
225,Mehamn,NO,71.0357,27.8492,47.95,79,100,7.36,overcast clouds
226,Barahona,DO,18.2085,-71.1008,82.22,78,40,0.0,scattered clouds
227,Manthani,IN,18.65,79.6667,80.42,84,52,4.41,broken clouds
228,Razole,IN,16.4833,81.8333,84.49,89,90,3.24,overcast clouds
229,Pemangkat,ID,1.1667,108.9667,80.53,82,39,6.73,scattered clouds
230,Svencionys,LT,55.15,26.1667,55.85,76,15,13.44,few clouds
231,Aksay,RU,47.26,39.87,61.02,48,45,11.01,scattered clouds
232,Tucumcari,US,35.1717,-103.725,60.94,58,1,6.91,clear sky
233,Lavrentiya,RU,65.5833,-171.0,29.89,88,100,11.43,overcast clouds
234,Koroni,GR,36.8,21.95,81.07,54,0,4.18,clear sky
235,Ancud,CL,-41.8697,-73.8203,53.13,88,98,12.15,light rain
236,Katsuura,JP,35.1333,140.3,71.19,70,100,16.55,light rain
237,Frontera,MX,26.9333,-101.45,77.95,56,99,3.78,overcast clouds
238,Tamandare,BR,-8.7597,-35.1047,79.99,76,21,11.81,few clouds
239,Mangaluru,IN,12.8667,74.8833,81.46,89,20,3.44,few clouds
240,Asau,RO,46.4333,26.4,73.76,50,4,2.71,clear sky
241,Saint-Francois,FR,46.4154,3.9054,80.47,60,0,8.05,clear sky
242,Riyadh,SA,24.6877,46.7219,98.74,12,37,13.42,scattered clouds
243,Umm Lajj,SA,25.0213,37.2685,85.3,64,6,17.25,clear sky
244,Weihai,CN,37.5017,122.1136,69.94,86,100,10.11,moderate rain
245,Anadyr,RU,64.75,177.4833,16.3,92,0,4.47,clear sky
246,Mayumba,GA,-3.432,10.6554,78.96,78,75,9.42,broken clouds
247,Beringovskiy,RU,63.05,179.3167,29.32,72,16,8.79,few clouds
248,Baykit,RU,61.67,96.37,31.73,84,62,4.14,broken clouds
249,Tocache,PE,-8.1842,-76.5125,82.74,57,95,1.79,overcast clouds
250,Cacimba De Dentro,BR,-6.6417,-35.79,85.08,45,57,15.84,broken clouds
251,Moose Factory,CA,51.2585,-80.6094,50.0,93,90,5.75,overcast clouds
252,Valle Hermoso,MX,25.6667,-97.8333,81.86,52,6,7.87,clear sky
253,Portland,US,45.5234,-122.6762,62.62,82,1,1.01,clear sky
254,Raudeberg,NO,61.9875,5.1352,53.2,79,93,4.0,overcast clouds
255,Touros,BR,-5.1989,-35.4608,88.7,57,5,18.3,clear sky
256,Maroantsetra,MG,-15.4333,49.7333,72.34,83,4,10.98,clear sky
257,Guerrero Negro,MX,27.9769,-114.0611,71.15,77,94,12.68,overcast clouds
258,Coahuayana,MX,18.7333,-103.6833,83.23,73,65,1.41,broken clouds
259,Ambon,ID,-3.6954,128.1814,77.14,94,40,3.44,scattered clouds
260,Puli,TW,23.9664,120.9695,81.21,86,0,4.72,clear sky
261,Pervoye Maya,RU,56.164,44.7196,55.11,67,85,3.49,overcast clouds
262,Searcy,US,35.2506,-91.7363,69.03,77,1,0.0,clear sky
263,Maracaju,BR,-21.6144,-55.1683,93.13,27,1,0.69,clear sky
264,Yulara,AU,-25.2406,130.9889,69.64,13,5,8.05,clear sky
265,Kozhva,RU,65.1073,57.0459,43.95,62,99,14.9,overcast clouds
266,Pisco,PE,-13.7,-76.2167,63.01,82,20,8.05,mist
267,Taungdwingyi,MM,20.0167,95.55,78.3,88,100,3.29,overcast clouds
268,Ostersund,SE,63.1792,14.6357,50.61,81,90,12.66,overcast clouds
269,Bucerias,MX,20.75,-105.3333,80.98,86,50,3.74,scattered clouds
270,Fuerte Olimpo,PY,-21.0415,-57.8738,96.55,20,0,4.72,clear sky
271,Balurghat,IN,25.2167,88.7667,85.73,67,3,4.72,clear sky
272,Mandan,US,46.8267,-100.8896,59.97,49,1,1.01,clear sky
273,San Vicente,AR,-26.6167,-54.1333,79.3,24,0,2.21,light rain
274,Bogorodskoye,RU,56.55,37.8833,47.25,94,100,10.4,light rain
275,Sechenovo,RU,55.2244,45.8906,50.67,74,78,4.97,broken clouds
276,Bambous Virieux,MU,-20.3428,57.7575,72.21,78,40,13.8,light rain
277,Tanout,NE,14.9709,8.8879,99.7,9,8,11.52,clear sky
278,Maniwaki,CA,46.3834,-75.966,55.78,88,31,6.91,scattered clouds
279,Kupang,ID,-10.1667,123.5833,78.03,75,57,10.54,broken clouds
280,Kalach-Na-Donu,RU,48.691,43.5264,58.32,84,100,2.82,light rain
281,Yining,CN,29.0361,114.5636,80.64,75,58,2.35,broken clouds
282,Abu Samrah,SY,35.3029,37.1841,78.4,23,0,2.66,clear sky
283,Columbus,US,39.9612,-82.9988,63.28,80,75,1.01,broken clouds
284,Saint George,US,37.1041,-113.5841,69.53,27,1,3.44,clear sky
285,Jacareacanga,BR,-6.2222,-57.7528,77.74,83,96,2.48,overcast clouds
286,Codrington,AU,-38.2667,141.9667,46.6,64,76,4.25,broken clouds
287,Luderitz,NA,-26.6481,15.1594,67.96,54,35,23.94,scattered clouds
288,Peace River,CA,56.2501,-117.286,52.11,79,40,4.0,scattered clouds
289,Tieling,CN,42.2931,123.8414,61.56,92,100,3.11,overcast clouds
290,Hohhot,CN,40.8106,111.6522,61.09,72,0,4.47,clear sky
291,Pringsewu,ID,-5.3582,104.9744,74.93,94,27,2.73,scattered clouds
292,Kudahuvadhoo,MV,2.6708,72.8944,82.45,79,99,16.37,overcast clouds
293,Benjamin Hill,MX,30.1667,-111.1,70.18,51,99,1.28,overcast clouds
294,Pacific Grove,US,36.6177,-121.9166,63.16,94,90,1.01,overcast clouds
295,Madingou,CG,-4.1536,13.55,86.34,53,100,5.59,light rain
296,Kamenka,RU,51.3223,42.7678,51.6,70,88,3.78,overcast clouds
297,Eyl,SO,7.9803,49.8164,82.24,67,90,16.06,overcast clouds
298,Taoudenni,ML,22.6783,-3.9836,110.75,6,83,12.8,broken clouds
299,Rockport,US,28.0206,-97.0544,81.03,75,1,3.0,clear sky
300,Lompoc,US,34.6391,-120.4579,56.88,100,90,0.0,fog
301,Chilca,PE,-12.5211,-76.7372,63.84,80,99,7.14,overcast clouds
302,Benito Juarez,MX,19.385,-99.165,61.0,76,75,4.0,haze
303,Belyy Yar,RU,53.6039,91.3903,40.89,56,0,6.71,clear sky
304,Saint-Ambroise,CA,48.5501,-71.3324,61.29,66,26,3.58,scattered clouds
305,San Luis,AR,-33.295,-66.3356,76.24,23,0,15.08,clear sky
306,Koutsouras,GR,35.0339,25.9469,81.1,45,0,5.66,clear sky
307,Purpe,RU,64.4803,76.6897,33.49,77,8,7.45,clear sky
308,Rengo,CL,-34.4167,-70.8667,56.23,66,72,3.6,broken clouds
309,Maues,BR,-3.3836,-57.7186,97.14,36,61,3.71,broken clouds
310,Hanzhong,CN,33.0728,107.0303,69.49,94,100,4.03,overcast clouds
311,Winchester,GB,51.0651,-1.3187,67.68,83,75,4.61,broken clouds
312,Labuhan,ID,-6.8844,112.2051,80.67,77,46,6.35,light rain
313,Meghri,AM,38.9029,46.2446,67.78,53,0,4.81,clear sky
314,Sena Madureira,BR,-9.0656,-68.6569,96.3,35,37,1.36,scattered clouds
315,Upernavik,GL,72.7868,-56.1549,23.05,68,5,5.17,clear sky
316,Ekibastuz,KZ,51.6667,75.3667,49.46,40,58,7.61,broken clouds
317,Campbell River,CA,50.0163,-125.2446,50.72,100,75,0.0,broken clouds
318,Goderich,CA,43.7501,-81.7165,62.04,77,100,12.66,overcast clouds
319,Girua,BR,-28.0283,-54.3497,69.6,55,0,5.57,clear sky
320,Flinders,AU,-34.5833,150.8552,55.18,75,100,5.01,overcast clouds
321,Hudson Bay,CA,52.85,-102.3842,56.28,40,100,2.86,overcast clouds
322,Lagoa,PT,39.05,-27.9833,70.61,86,100,11.05,overcast clouds
323,Mareeba,AU,-17.0,145.4333,67.48,94,55,2.33,broken clouds
324,Igualada,ES,41.581,1.6172,84.97,65,10,5.99,clear sky
325,Puerto Penasco,MX,31.3167,-113.5333,82.27,63,88,0.85,overcast clouds
326,Moroni,KM,-11.7022,43.2551,82.4,69,40,5.75,scattered clouds
327,Westport,US,41.1415,-73.3579,72.9,64,1,1.99,clear sky
328,Khonsa,IN,27.0167,95.5667,68.02,94,2,5.46,clear sky
329,Lumeje,AO,-11.55,20.7833,93.65,8,5,8.7,clear sky
330,Adelaide,AU,-34.9333,138.6,50.41,67,20,5.99,few clouds
331,Hofn,IS,64.2539,-15.2082,41.25,61,100,17.11,moderate rain
332,Sao Filipe,CV,14.8961,-24.4956,78.8,75,49,6.98,scattered clouds
333,Bridlington,GB,54.0831,-0.1919,69.89,77,100,8.57,overcast clouds
334,Maceio,BR,-9.6658,-35.7353,85.44,70,75,16.11,broken clouds
335,Gravdal,NO,68.1214,13.5031,48.13,79,89,13.96,overcast clouds
336,Vestmannaeyjar,IS,63.4427,-20.2734,41.99,81,90,26.46,overcast clouds
337,Karratha,AU,-20.7377,116.8463,73.27,61,0,17.6,clear sky
338,Del Rio,US,29.3627,-100.8968,71.71,64,1,6.91,clear sky
339,Jalu,LY,29.0331,21.5482,83.71,27,0,11.23,clear sky
340,Vernon,CA,50.2581,-119.2691,57.13,81,86,8.05,overcast clouds
341,Dauriya,RU,49.9333,116.8667,57.92,76,98,15.23,overcast clouds
342,West Odessa,US,31.8424,-102.4988,69.84,47,1,9.22,clear sky
343,Leningradskiy,RU,69.3833,178.4167,19.62,75,100,7.45,overcast clouds
344,Simav,TR,39.0882,28.9777,71.46,31,0,8.01,clear sky
345,Semporna,MY,4.4818,118.6112,77.2,82,100,2.19,overcast clouds
346,Khandyga,RU,62.6667,135.6,38.7,94,100,3.74,light rain
347,Esperance,AU,-33.8667,121.9,53.44,77,100,21.88,overcast clouds
348,Weston-Super-Mare,GB,51.346,-2.9766,70.66,83,75,4.61,broken clouds
349,Hami,CN,42.8,93.45,62.53,15,2,9.15,clear sky
350,Nanortalik,GL,60.1432,-45.2371,39.07,61,0,10.76,clear sky
351,Arkhipo-Osipovka,RU,44.37,38.52,59.13,73,29,10.98,scattered clouds
352,Wenling,CN,28.3669,121.36,72.27,83,85,1.59,light rain
353,Acarau,BR,-2.8856,-40.12,89.71,52,59,20.24,broken clouds
354,Sept-Iles,CA,50.2001,-66.3821,57.72,98,75,3.0,mist
355,Caravelas,BR,-17.7125,-39.2481,79.79,44,0,10.33,clear sky
356,Kralendijk,BQ,12.15,-68.2667,89.58,66,40,13.8,scattered clouds
357,Ust-Nera,RU,64.5667,143.2,38.68,98,100,4.74,light rain
358,Nemuro,JP,43.3236,145.575,52.9,82,0,9.15,clear sky
359,Matara,LK,5.9485,80.5353,79.97,86,77,11.16,broken clouds
360,Maniitsoq,GL,65.4167,-52.9,30.29,49,0,3.29,clear sky
361,Northam,GB,51.0333,-4.2167,68.14,92,100,2.06,overcast clouds
362,Byron Bay,AU,-28.65,153.6167,67.89,74,22,14.92,few clouds
363,Kruisfontein,ZA,-34.0033,24.7314,72.88,50,100,10.92,overcast clouds
364,Tapes,BR,-30.6733,-51.3958,68.07,62,2,1.52,clear sky
365,Atambua,ID,-9.1061,124.8925,73.22,81,98,3.47,overcast clouds
366,Kahului,US,20.8947,-156.47,76.84,72,1,5.75,clear sky
367,Vittoria,IT,36.9537,14.5332,83.75,57,75,8.05,broken clouds
368,Port Keats,AU,-14.25,129.55,75.99,80,6,5.35,clear sky
369,Oktyabrskiy,RU,54.4815,53.471,52.83,46,100,3.89,overcast clouds
370,Boende,CD,-0.2167,20.8667,84.99,58,95,3.0,overcast clouds
371,Vagay,RU,57.9375,69.0217,35.94,76,6,5.3,clear sky
372,Sawang Daen Din,TH,17.4753,103.4575,76.17,99,100,8.63,moderate rain
373,Tacuarembo,UY,-31.7333,-55.9833,65.61,66,38,7.96,scattered clouds
374,Manaus,BR,-3.1019,-60.025,84.69,74,40,4.61,scattered clouds
375,Kananga,CD,-5.8958,22.4178,80.96,45,81,1.86,broken clouds
376,Husavik,IS,66.0449,-17.3389,39.11,94,100,10.13,overcast clouds
377,Eston,CA,51.1501,-108.7514,49.89,41,25,8.34,scattered clouds
378,Inongo,CD,-1.95,18.2667,78.46,66,71,2.44,broken clouds
379,Provideniya,RU,64.3833,-173.3,30.61,83,100,8.75,overcast clouds
380,Sassandra,CI,4.95,-6.0833,79.45,88,60,10.8,moderate rain
381,Nuevo Progreso,MX,23.1667,-97.95,82.6,61,70,4.52,broken clouds
382,Pangody,RU,65.85,74.4859,33.6,77,6,7.92,clear sky
383,Nouadhibou,MR,20.931,-17.0347,80.58,61,0,12.66,clear sky
384,Anchorage,US,61.2181,-149.9003,35.74,92,90,3.0,overcast clouds
385,Asfi,MA,32.2994,-9.2372,73.65,64,0,16.98,clear sky
386,Erzin,TR,36.9559,36.2,84.72,36,0,1.97,clear sky
387,Yarada,IN,17.65,83.2667,83.08,84,100,8.79,overcast clouds
388,Boa Vista,BR,2.8197,-60.6733,87.78,58,40,3.44,scattered clouds
389,Scottsboro,US,34.6723,-86.0341,68.4,57,11,1.32,few clouds
390,Nhulunbuy,AU,-12.2333,136.7667,77.61,78,21,4.61,few clouds
391,Tiznit,MA,29.5833,-9.5,84.72,26,0,10.11,clear sky
392,Charters Towers,AU,-20.1,146.2667,63.05,89,27,9.64,scattered clouds
393,Zdvinsk,RU,54.7021,78.661,37.26,84,94,11.23,overcast clouds
394,Paamiut,GL,61.994,-49.6678,34.02,61,0,22.5,clear sky
395,Shabqadar,PK,34.2139,71.5552,89.82,49,0,5.1,clear sky
396,Finschhafen,PG,-6.6024,147.8681,78.31,82,19,7.49,few clouds
397,Whitianga,NZ,-36.8333,175.7,56.01,93,86,4.85,overcast clouds
398,Xingcheng,CN,40.6167,120.7167,66.06,87,100,3.76,overcast clouds
399,Talcahuano,CL,-36.7167,-73.1167,55.08,76,75,16.11,broken clouds
400,Ambulu,ID,-8.345,113.6058,76.68,90,75,4.92,broken clouds
401,Bandar-E Lengeh,IR,26.5579,54.8807,93.31,62,1,16.11,haze
402,Petrozavodsk,RU,61.7849,34.3469,47.66,93,100,4.47,moderate rain
403,Umm Kaddadah,SD,13.6017,26.6876,85.6,46,100,8.61,overcast clouds
404,San Policarpo,PH,12.1791,125.5072,80.92,81,54,2.13,broken clouds
405,Iquique,CL,-20.2208,-70.1431,60.84,61,1,9.1,clear sky
406,Tarifa,ES,36.0139,-5.607,78.75,68,0,10.29,clear sky
407,Vega De Alatorre,MX,20.0333,-96.6333,80.44,72,44,6.82,scattered clouds
408,Yar-Sale,RU,66.8333,70.8333,35.08,78,14,8.19,few clouds
409,Mahanoro,MG,-19.9,48.8,71.11,81,5,5.84,clear sky
410,Valdivia,CL,-39.8142,-73.2459,53.69,99,100,8.14,overcast clouds
411,Aykhal,RU,66.0,111.5,32.85,82,11,4.05,few clouds
412,Camargo,MX,27.6667,-105.1667,74.23,53,35,4.43,scattered clouds
413,Takab,IR,36.4009,47.1133,62.02,40,0,14.92,clear sky
414,Kavaratti,IN,10.5669,72.642,81.68,80,97,18.52,overcast clouds
415,Kaeng Khoi,TH,14.5862,100.9976,80.17,94,100,5.1,light rain
416,Kushima,JP,31.4583,131.2333,72.12,91,79,6.33,broken clouds
417,Arlit,NE,18.7369,7.3853,103.1,6,2,8.52,clear sky
418,Shache,CN,38.4167,77.2406,74.62,14,0,8.03,clear sky
419,Zhigansk,RU,66.7697,123.3711,35.73,76,100,12.86,overcast clouds
420,Karatau,KZ,43.1667,70.4667,62.58,20,2,4.65,clear sky
421,Ukiah,US,39.1502,-123.2078,60.66,69,40,0.0,scattered clouds
422,Bowen,AU,-20.0167,148.2333,61.02,81,60,7.74,broken clouds
423,Havre-Saint-Pierre,CA,50.2334,-63.5986,57.56,100,90,8.05,overcast clouds
424,Taltal,CL,-25.4,-70.4833,63.68,68,4,6.26,clear sky
425,Antofagasta,CL,-23.65,-70.4,67.21,61,2,10.65,clear sky
426,Illapel,CL,-31.6308,-71.1653,65.39,59,59,2.1,broken clouds
427,Mandalgovi,MN,45.7625,106.2708,51.26,27,17,15.41,few clouds
428,Havoysund,NO,70.9963,24.6622,49.08,79,100,13.38,overcast clouds
429,Hirara,JP,24.8,125.2833,83.57,76,68,14.23,broken clouds
430,Cherskiy,RU,68.75,161.3,29.75,98,100,11.63,light snow
431,Porto Novo,BJ,6.4965,2.6036,85.82,65,90,10.92,overcast clouds
432,Wamba,NG,8.9333,8.6,84.87,63,63,6.4,light rain
433,Harlingen,US,26.1906,-97.6961,83.89,83,1,3.44,clear sky
434,Fasa,IR,28.9383,53.6482,90.64,9,0,11.5,clear sky
435,Broome,US,42.2506,-75.833,65.19,80,1,4.0,clear sky
436,Ossora,RU,59.2353,163.0719,41.86,84,27,6.11,scattered clouds
437,San Quintin,MX,30.4833,-115.95,67.69,81,51,4.16,broken clouds
438,Bengkulu,ID,-3.8004,102.2655,77.7,87,100,2.98,light rain
439,Manhattan,US,40.7834,-73.9662,72.64,61,1,4.61,clear sky
440,Yatou,CN,37.15,122.3833,68.9,90,100,7.0,light rain
441,Faya,SA,18.3851,42.4509,81.12,30,42,6.04,scattered clouds
442,Egvekinot,RU,66.3167,-179.1667,17.73,78,15,3.91,few clouds
443,San Carlos,VE,9.6612,-68.5827,81.16,76,82,3.56,broken clouds
444,North Bend,US,43.4065,-124.2243,55.94,97,90,6.91,mist
445,Kathu,TH,7.9178,98.3332,76.82,79,100,5.73,overcast clouds
446,Labelle,US,26.7617,-81.4384,87.06,69,3,6.44,clear sky
447,Lakhnau,IN,26.85,80.9167,78.78,100,75,5.75,mist
448,Chapais,CA,49.7834,-74.8492,53.38,57,15,10.47,few clouds
449,Kurmanayevka,RU,52.5093,52.0675,56.37,57,73,6.96,broken clouds
450,Plainview,US,40.7765,-73.4673,72.66,70,1,1.01,clear sky
451,Nova Mayachka,UA,46.6,33.2271,61.93,49,92,6.91,overcast clouds
452,Pandan,PH,14.0453,124.1694,81.45,83,96,5.53,overcast clouds
453,Leshukonskoye,RU,64.8989,45.7622,45.75,97,100,7.14,overcast clouds
454,Sioux Lookout,CA,50.1001,-91.917,46.78,87,75,8.05,broken clouds
455,Pontianak,ID,-0.0333,109.3333,75.18,94,75,0.0,broken clouds
456,Angoche,MZ,-16.2325,39.9086,77.2,74,2,10.04,clear sky
457,Doha,QA,25.2867,51.5333,97.11,60,0,6.91,clear sky
458,Abay,KZ,49.6311,72.8539,43.18,26,25,3.09,scattered clouds
459,Carmelo,UY,-33.9892,-58.2856,66.2,61,0,7.58,clear sky
460,Mbandaka,CD,0.0487,18.2603,78.26,76,97,7.99,moderate rain
461,Dire,ML,12.2833,-10.9667,89.87,58,26,2.71,scattered clouds
462,Cabedelo,BR,-6.9811,-34.8339,83.07,70,52,15.43,broken clouds
463,Camacha,PT,33.0833,-16.3333,74.16,60,20,6.91,few clouds
464,Mlonggo,ID,-6.5333,110.7,77.52,79,34,4.41,scattered clouds
465,Porteirinha,BR,-15.7433,-43.0283,90.32,27,0,4.99,clear sky
466,Vila Franca Do Campo,PT,37.7167,-25.4333,73.81,70,100,15.52,overcast clouds
467,Ambatofinandrahana,MG,-20.55,46.8,63.0,68,47,11.77,scattered clouds
468,Obregon,NI,11.9566,-85.9636,82.49,76,74,9.51,broken clouds
469,Nazilli,TR,37.9163,28.3223,83.89,22,0,6.87,clear sky
470,Ust-Kuyga,RU,70.0167,135.6,31.05,96,100,6.64,light snow
471,Alingsas,SE,57.9303,12.5335,62.74,62,2,6.62,clear sky
472,Waw,SS,7.7029,27.9953,75.6,85,100,2.28,light rain
473,Tiarei,PF,-17.5333,-149.3333,75.22,76,4,8.48,clear sky
474,Requena,ES,39.4883,-1.1004,77.52,53,37,8.72,scattered clouds
475,Komatipoort,ZA,-25.4332,31.9548,91.06,23,0,6.87,clear sky
476,Mortka,RU,59.3322,66.0214,36.7,79,7,6.46,clear sky
477,Talaya,RU,61.3833,152.75,33.1,87,100,2.08,overcast clouds
478,Santiago Del Estero,AR,-27.7951,-64.2615,75.81,24,0,14.38,clear sky
479,Ugoofaaru,MV,5.6667,73.0,82.63,81,98,21.39,overcast clouds
480,Tahta,EG,26.7693,31.5021,88.2,18,0,14.5,clear sky
481,Grand Gaube,MU,-20.0064,57.6608,72.37,70,7,5.01,clear sky
482,Prince Rupert,CA,54.3161,-130.3201,49.69,98,90,3.44,mist
483,Goregaon,IN,18.1667,73.3,76.14,92,47,0.81,scattered clouds
484,Ordu,TR,40.9086,37.6845,50.5,91,91,5.61,light rain
485,Dicabisagan,PH,17.0818,122.4157,79.07,88,15,6.02,few clouds
486,Garoua Boulai,CM,5.8833,14.55,74.01,83,97,3.13,light rain
487,Coolum Beach,AU,-26.5333,153.1,64.11,82,100,8.95,overcast clouds
488,Shimoda,JP,34.6667,138.95,68.11,81,100,15.68,overcast clouds
489,Kanigiri,IN,15.4,79.5167,88.18,57,100,3.94,heavy intensity rain
490,Bonavista,CA,48.6499,-53.1147,55.4,62,83,8.57,broken clouds
491,Loma Bonita,PA,8.3833,-80.1667,85.78,70,40,2.3,scattered clouds
492,Atherton,GB,53.5237,-2.4935,73.27,77,93,3.0,overcast clouds
493,Jiangyou,CN,31.7667,104.7167,72.9,94,100,3.71,light rain
494,Bousso,TD,10.4795,16.7117,91.0,48,16,2.53,few clouds
495,Vieques,PR,18.425,-65.8329,93.24,58,40,0.0,scattered clouds
496,Luena,AO,-11.7833,19.9167,89.78,43,40,9.22,scattered clouds
497,Berlevag,NO,70.8578,29.0864,48.2,82,100,8.79,overcast clouds
498,Laguna,US,38.421,-121.4238,75.22,83,1,4.61,smoke
499,Rumuruti,KE,0.267,36.5389,68.79,50,96,12.5,overcast clouds
500,Waiouru,NZ,-39.4833,175.6667,47.12,87,100,7.34,overcast clouds
501,Yablonovo,RU,50.8523,37.3574,53.46,67,100,7.96,overcast clouds
502,Sidhi,IN,24.4167,81.8833,81.9,76,70,2.86,broken clouds
503,Pengcheng,CN,36.4311,114.17,61.34,96,100,10.04,moderate rain
504,Shar,KZ,49.5886,81.0453,44.92,39,1,6.82,clear sky
505,Teguise,ES,29.0605,-13.564,71.82,73,20,21.85,few clouds
506,Thohoyandou,ZA,-22.9456,30.485,84.04,20,0,8.14,clear sky
507,Petropavlovsk-Kamchatskiy,RU,53.0452,158.6483,39.79,100,20,6.71,few clouds
508,Lodja,CD,-3.4833,23.4333,88.16,44,46,3.8,scattered clouds
509,Ibimirim,BR,-8.5406,-37.6903,92.3,31,42,16.28,scattered clouds
510,Ardakan,IR,32.31,54.0175,97.18,9,0,3.87,clear sky
511,Balabac,PH,7.9868,117.0645,82.24,75,100,3.29,overcast clouds
512,Ormara,PK,25.2088,64.6357,82.08,80,25,11.41,scattered clouds
513,Basoko,CD,1.2391,23.616,81.03,65,95,2.57,overcast clouds
514,Henties Bay,NA,-22.116,14.2845,59.86,76,6,12.97,clear sky
515,Yei,SS,4.095,30.6779,71.2,90,93,3.0,light rain
516,Kashi,CN,39.4547,75.9797,76.21,17,0,4.47,clear sky
517,Itarema,BR,-2.9248,-39.9167,89.4,51,61,20.45,broken clouds
518,Fairbanks,US,64.8378,-147.7164,31.1,94,90,0.0,light snow
519,Phonhong,LA,18.5007,102.4166,74.55,94,100,0.34,overcast clouds
520,Shahr-E Babak,IR,30.1165,55.1186,80.06,11,0,6.2,clear sky
521,Ravar,IR,31.2656,56.8055,84.16,8,0,2.3,clear sky
522,Shakawe,BW,-18.3667,21.85,95.54,7,0,10.38,clear sky
523,Srednekolymsk,RU,67.45,153.6833,31.15,92,99,12.86,light snow
524,Vanavara,RU,60.34,102.2797,29.34,78,7,3.71,clear sky
525,Sakakah,SA,29.9697,40.2064,92.77,23,0,9.08,clear sky
526,Korla,CN,41.7597,86.1469,67.82,26,0,3.78,clear sky
527,Mackenzie,CA,55.2999,-123.1698,44.82,93,40,5.75,scattered clouds
528,Awbari,LY,26.5921,12.7805,95.0,19,0,17.0,clear sky
529,Sayyan,YE,15.1718,44.3244,70.39,15,100,13.47,overcast clouds
530,Te Anau,NZ,-45.4167,167.7167,34.68,92,86,2.08,light rain
531,Dukat,RU,62.55,155.55,35.04,68,100,3.49,overcast clouds
532,Tucuman,AR,-26.8241,-65.2226,75.2,35,0,4.61,smoke
533,Fountain Hills,US,33.6117,-111.7174,75.27,57,75,4.61,broken clouds
534,Casambalangan,PH,18.3765,122.1274,81.32,85,90,6.53,overcast clouds
535,Fort Nelson,CA,58.8053,-122.7002,31.59,93,75,4.61,broken clouds
536,Alihe,CN,50.5667,123.7167,52.23,97,100,2.93,overcast clouds
537,Zaragoza,ES,41.6561,-0.8773,81.12,58,40,1.01,scattered clouds
538,Souillac,MU,-20.5167,57.5167,72.36,78,40,13.8,light rain
539,Port Hueneme,US,34.1478,-119.1951,72.63,87,90,0.0,mist
540,Saint-Augustin,CA,51.226,-58.6502,50.34,88,100,9.26,overcast clouds
541,Monkey Bay,MW,-14.0728,34.9201,79.27,59,80,10.18,broken clouds
542,Nome,US,64.5011,-165.4064,42.87,76,90,13.8,overcast clouds
543,Kismayo,SO,-0.3582,42.5454,78.33,79,38,14.45,scattered clouds
544,Mana,GF,5.6592,-53.7767,87.89,62,27,7.47,scattered clouds
545,Coaticook,CA,45.1334,-71.7991,66.29,61,39,1.59,scattered clouds
546,Vila,PT,42.0304,-8.1588,61.32,89,93,7.07,overcast clouds
547,Minas,UY,-34.3759,-55.2377,63.07,65,44,8.34,scattered clouds
548,Nyimba,ZM,-14.5566,30.8149,91.4,15,11,8.34,few clouds
549,Klaksvik,FO,62.2266,-6.589,54.52,97,100,22.7,overcast clouds
550,Gasa,PS,31.5,34.4667,82.38,49,0,18.41,clear sky
551,Severodvinsk,RU,64.5635,39.8302,51.91,86,97,10.16,overcast clouds
552,Axim,GH,4.8699,-2.2405,81.05,74,87,9.24,light rain
553,Tahe,CN,52.3333,124.7333,52.63,94,84,2.35,broken clouds
554,Seoul,KR,37.5683,126.9778,69.37,83,0,4.61,clear sky
555,Sabang,ID,5.8933,95.3214,83.25,75,92,16.13,overcast clouds
556,Muyezerskiy,RU,63.9333,31.65,43.68,98,100,5.3,light rain
557,Yinchuan,CN,38.4681,106.2731,68.27,66,76,6.35,broken clouds
558,Khasan,RU,42.4308,130.6434,64.09,87,100,6.73,light rain
559,Laizhou,CN,37.1717,119.9214,68.04,88,100,8.63,light rain
560,Terney,RU,45.0503,136.6092,55.33,78,100,3.76,overcast clouds
561,Barra Patuca,HN,15.8,-84.2833,84.04,74,54,5.14,broken clouds
562,Port Hardy,CA,50.6996,-127.4199,51.98,93,75,0.0,light rain
563,Shihezi,CN,44.3,86.0333,55.72,30,53,8.75,broken clouds
564,Viytivka,UA,48.426,29.5429,62.4,59,56,11.12,broken clouds
565,Rawson,AR,-43.3002,-65.1023,76.41,28,21,23.82,few clouds
566,Sangmelima,CM,2.9333,11.9833,71.22,82,100,1.32,overcast clouds
567,Lakatoro,VU,-16.0999,167.4164,76.01,87,62,9.15,broken clouds
568,Morwell,AU,-38.2333,146.4,41.4,92,80,0.96,broken clouds
569,Pauini,BR,-7.7136,-66.9764,93.99,43,23,3.0,few clouds
570,Trincomalee,LK,8.5711,81.2335,82.08,76,26,13.29,scattered clouds
571,Lafiagi,NG,8.8667,5.4167,89.62,57,71,4.27,broken clouds
572,Rawicz,PL,51.6095,16.8585,71.92,67,71,1.01,broken clouds
573,Batemans Bay,AU,-35.7167,150.1833,49.91,88,99,4.41,light rain
574,Kristinehamn,SE,59.3098,14.1081,66.04,58,1,5.64,clear sky
575,Isangel,VU,-19.55,169.2667,68.41,82,82,8.72,broken clouds
576,Samarai,PG,-10.6167,150.6667,78.49,87,19,15.05,moderate rain
577,Stege,DK,54.987,12.2846,67.08,72,100,11.86,overcast clouds
578,Aginskoye,RU,51.1,114.53,57.49,80,100,19.26,overcast clouds
579,Myanaung,MM,18.2833,95.3167,76.59,92,100,3.4,light rain
580,Zhangye,CN,38.9342,100.4517,65.35,32,100,9.8,overcast clouds
581,Bonthe,SL,7.5264,-12.505,81.23,74,100,6.87,overcast clouds
582,Wakema,MM,16.6,95.1833,77.0,91,100,5.14,overcast clouds
583,Sidvokodvo,SZ,-26.6282,31.4202,87.46,26,4,9.95,clear sky
584,Alofi,NU,-19.0595,-169.9187,69.69,68,22,8.05,few clouds
585,Nanakuli,US,21.3906,-158.1547,73.71,83,90,8.05,overcast clouds
586,Liverpool,GB,53.4106,-2.9779,73.78,75,40,1.01,scattered clouds
587,Dzerzhinsk,RU,56.2389,43.4631,55.22,62,40,4.47,scattered clouds
588,Nefteyugansk,RU,61.0998,72.6035,37.65,61,96,12.93,overcast clouds
589,Along,IN,28.1667,94.7667,73.71,97,23,1.7,few clouds
590,Boddam,GB,57.4667,-1.7833,67.42,91,100,13.82,overcast clouds
591,Fagernes,NO,60.9858,9.2324,55.9,47,60,3.98,broken clouds
592,Orito,CO,0.6766,-76.8771,71.19,63,98,2.15,light rain
593,Biak,ID,-0.9131,122.8766,75.43,85,99,6.51,overcast clouds
594,Nikki,BJ,9.9401,3.2108,86.97,59,68,6.08,broken clouds
595,Mbaiki,CF,3.8678,17.9892,74.48,84,100,1.92,overcast clouds
596,Fayaoue,NC,-20.65,166.5333,70.66,70,97,13.82,overcast clouds
597,Samarinda,ID,-0.5,117.15,74.86,95,100,1.88,overcast clouds
598,Ituverava,BR,-20.3394,-47.7806,98.83,16,0,4.18,clear sky
599,Linhares,BR,-19.3911,-40.0722,78.08,45,98,6.33,overcast clouds
600,Tommot,RU,58.9564,126.2925,33.93,92,98,1.45,overcast clouds
601,Whitehorse,CA,60.7161,-135.0538,35.02,82,75,5.99,broken clouds
602,Oussouye,SN,12.485,-16.5469,91.58,61,96,4.25,overcast clouds
603,Lensk,RU,60.7253,114.9278,39.34,84,100,10.6,overcast clouds
604,Dustlik,UZ,40.5247,68.0358,73.8,13,0,6.89,clear sky
605,Koumac,NC,-20.5667,164.2833,67.8,77,20,3.09,few clouds
606,Manono,CD,-7.3,27.4167,94.41,23,23,5.93,few clouds
607,Rio Grande,BR,-32.035,-52.0986,68.11,81,93,9.55,overcast clouds
608,Nizhnevartovsk,RU,60.9344,76.5531,37.42,75,90,11.18,overcast clouds
609,Puerto Colombia,CO,10.9878,-74.9547,86.09,74,56,9.08,broken clouds
610,Nantucket,US,41.2835,-70.0995,70.09,94,52,5.95,broken clouds
611,Namibe,AO,-15.1961,12.1522,69.24,76,21,14.38,few clouds
612,Coihaique,CL,-45.5752,-72.0662,56.01,66,90,8.05,light intensity shower rain
613,Gazanjyk,TM,39.2446,55.5154,79.9,38,0,7.61,clear sky
614,Mineiros,BR,-17.5694,-52.5511,98.67,17,0,5.21,clear sky
615,Sidney,AU,-33.8679,151.2073,55.36,79,100,3.0,light rain
616,Finnsnes,NO,69.2296,17.9811,48.81,96,100,5.73,overcast clouds
617,Benguela,AO,-12.5763,13.4055,75.6,73,35,11.36,scattered clouds
618,Gigmoto,PH,13.7796,124.39,80.92,85,91,4.14,overcast clouds
619,Xuddur,SO,4.1213,43.8894,85.64,39,100,17.98,overcast clouds
620,Longhua,CN,23.6137,114.1919,79.2,81,61,2.73,light rain
621,Le Gosier,GP,16.2069,-61.4933,87.51,70,75,10.36,broken clouds
622,Tortoli,IT,39.9256,9.6572,82.22,78,40,8.05,scattered clouds
623,Margate,GB,51.3813,1.3862,71.96,86,99,8.3,overcast clouds
624,Manicore,BR,-5.8092,-61.3003,87.93,56,100,4.61,overcast clouds
625,Tulare,US,36.2666,-118.8009,54.91,23,0,2.35,clear sky
626,Synya,RU,65.3718,58.0387,40.03,85,98,4.81,overcast clouds
627,Ambunti,PG,-4.2365,142.8448,74.64,96,65,2.46,broken clouds
628,Urambo,TZ,-5.0667,32.05,87.98,21,92,2.13,overcast clouds
629,Atasu,KZ,48.6814,71.6433,52.97,17,3,5.95,clear sky
630,Necochea,AR,-38.5473,-58.7368,60.04,64,0,17.65,clear sky
631,Grand Island,US,40.925,-98.342,56.98,68,1,9.22,clear sky
632,Gornyy,RU,55.1153,83.9059,37.8,98,100,3.33,light rain
633,Kedrovyy,RU,56.1667,91.8167,36.01,91,100,5.37,overcast clouds
634,Martapura,ID,-3.4167,114.85,78.89,94,40,3.44,scattered clouds
635,Warrnambool,AU,-38.3833,142.4833,44.82,63,61,4.72,broken clouds
636,Xiongyue,CN,40.1774,122.1228,65.17,88,100,4.0,overcast clouds
637,Las Vegas,US,36.175,-115.1372,78.67,32,1,6.91,clear sky
638,Acapulco,MX,16.8634,-99.8901,81.23,81,100,3.2,overcast clouds
639,Juegang,CN,32.3174,121.1855,76.91,85,62,9.84,broken clouds
640,Ina,JP,35.8276,137.9538,66.13,81,100,2.84,overcast clouds
641,Gizo,SB,-8.103,156.8419,81.34,80,16,6.04,light rain
642,Tabora,TZ,-5.0167,32.8,87.85,20,54,7.23,broken clouds
643,Bandundu,CD,-3.3167,17.3667,95.22,31,19,4.74,few clouds
644,Singaraja,ID,-8.112,115.0882,79.97,84,75,4.56,broken clouds
645,Kang,BW,-23.6752,22.7876,91.83,10,2,6.87,clear sky
646,Semey,KZ,50.4111,80.2275,39.42,60,0,4.47,clear sky
647,Tignere,CM,7.3667,12.65,74.97,70,92,3.33,light rain
648,Pokrovskoye,RU,47.4157,38.8971,59.81,55,92,8.59,overcast clouds
649,Filingue,NE,14.3521,3.3168,101.03,19,2,6.58,clear sky
650,Bafq,IR,31.6128,55.4107,90.82,9,0,5.03,clear sky
651,Sawtell,AU,-30.3833,153.1,60.82,77,90,9.22,overcast clouds
652,Ginda,IN,30.6945,78.4932,63.0,90,0,3.56,clear sky
653,Hearst,CA,49.6835,-83.6665,46.65,97,100,10.27,overcast clouds
654,Solana Beach,US,32.9912,-117.2711,70.23,89,40,1.01,mist
655,Gilbues,BR,-9.8317,-45.3439,95.34,27,6,9.33,clear sky
656,Creel,MX,27.75,-107.6333,59.94,69,100,3.31,overcast clouds
657,Dalnegorsk,RU,44.5604,135.5701,51.82,78,100,3.06,overcast clouds
658,Izhma,RU,65.0083,53.9113,47.46,77,100,13.06,overcast clouds
659,Daru,PG,-9.0763,143.2092,76.89,93,99,14.29,overcast clouds
660,Verkhoyansk,RU,67.5447,133.385,35.82,72,100,3.15,overcast clouds
661,Progreso,MX,21.2833,-89.6667,82.11,68,13,4.07,few clouds
662,Bara,NG,10.3744,10.7288,90.93,43,33,2.73,scattered clouds
